{
  "wheat": {
    "crop_type": "wheat",
    "yield_distribution": {
      "percentiles": {
        "p5": 170946437.44255942,
        "p10": 264093023.25581396,
        "p20": 413523809.52380955,
        "p25": 512154174.9765303,
        "p50": 947489265.6794999,
        "p75": 1399834273.7524874,
        "p80": 1537285169.7222729,
        "p90": 1966904407.2880168,
        "p95": 2349679027.1935186,
        "p99": 2950712238.209136
      },
      "low_yield_fraction": 0.20000184125610493,
      "high_yield_fraction": 0.20000184125610493,
      "coefficient_of_variation": 0.6467928231464071,
      "yield_range_ratio": 13.745118426250013,
      "interquartile_range": 887680098.7759571,
      "median_to_mean_ratio": 0.9105713718767979
    },
    "tier_effects": {
      "comprehensive": {
        "cell_retention_rate": 1.0,
        "production_retention_rate": 1.0,
        "harvest_retention_rate": 1.0,
        "yield_cv_reduction": 0.0,
        "mean_yield_increase": 1.0,
        "yield_range_reduction": 0.0
      },
      "commercial": {
        "cell_retention_rate": 0.8000027618841574,
        "production_retention_rate": 0.971931968150467,
        "harvest_retention_rate": 0.8807797127895803,
        "yield_cv_reduction": 0.24406073876324189,
        "mean_yield_increase": 1.1904939630533646,
        "yield_range_reduction": 0.06951525193304442
      }
    },
    "envelope_characteristics": {
      "comprehensive": {
        "mean_production_width": 212546475991793.1,
        "median_production_width": 25520650088000.0,
        "mean_relative_production_width": 1.6734118236509166,
        "median_relative_production_width": 1.9548083164667738,
        "mean_harvest_width": 0.2380689662504976,
        "median_harvest_width": 0.7559999999912179,
        "envelope_points": 29,
        "convergence_validated": true
      },
      "commercial": {
        "mean_production_width": 172027206251862.06,
        "median_production_width": 21875413166000.0,
        "mean_relative_production_width": 1.348241681855615,
        "median_relative_production_width": 1.5370128264180227,
        "mean_harvest_width": -6.672517236755341,
        "median_harvest_width": -1.8220000000001164,
        "envelope_points": 29,
        "convergence_validated": true
      },
      "width_reduction_analysis": {
        "absolute_width_reduction": 3645236922000.0,
        "relative_width_reduction_pct": 14.283479885624143,
        "comprehensive_median_width": 25520650088000.0,
        "commercial_median_width": 21875413166000.0
      }
    },
    "base_statistics": {
      "total_cells": 434486,
      "total_production": 2549987101614000.0,
      "total_harvest": 2180493.1029999997,
      "mean_yield": 1040543657.4692763,
      "median_yield": 947489265.6794999
    }
  },
  "maize": {
    "crop_type": "maize",
    "yield_distribution": {
      "percentiles": {
        "p5": 156640000.0,
        "p10": 254285714.2857143,
        "p20": 424040955.6313993,
        "p25": 529980809.84235317,
        "p50": 1301952675.1241035,
        "p75": 2360148148.148148,
        "p80": 2595098955.413916,
        "p90": 3433754624.9420958,
        "p95": 4249271845.5081387,
        "p99": 5789222553.676594
      },
      "low_yield_fraction": 0.20000298623346374,
      "high_yield_fraction": 0.2000011198375489,
      "coefficient_of_variation": 0.839824087694657,
      "yield_range_ratio": 27.127629248647462,
      "interquartile_range": 1830167338.305795,
      "median_to_mean_ratio": 0.8002923007847148
    },
    "tier_effects": {
      "comprehensive": {
        "cell_retention_rate": 1.0,
        "production_retention_rate": 1.0,
        "harvest_retention_rate": 1.0,
        "yield_cv_reduction": 0.0,
        "mean_yield_increase": 1.0,
        "yield_range_reduction": 0.0
      },
      "commercial": {
        "cell_retention_rate": 0.800000746558366,
        "production_retention_rate": 0.9878900011218458,
        "harvest_retention_rate": 0.905731098460358,
        "yield_cv_reduction": 0.20639886030544982,
        "mean_yield_increase": 1.2130100650528666,
        "yield_range_reduction": 0.03581371420032842
      }
    },
    "envelope_characteristics": {
      "comprehensive": {
        "mean_production_width": 421246960511724.1,
        "median_production_width": 57198509676000.0,
        "mean_relative_production_width": 1.7353320536029164,
        "median_relative_production_width": 1.991118624199057,
        "mean_harvest_width": -4.564379296936767,
        "median_harvest_width": -0.7889999989856733,
        "envelope_points": 29,
        "convergence_validated": true
      },
      "commercial": {
        "mean_production_width": 367952801619586.2,
        "median_production_width": 52992432688000.0,
        "mean_relative_production_width": 1.5576586718420777,
        "median_relative_production_width": 1.7630074924224597,
        "mean_harvest_width": -3.1698620547177216,
        "median_harvest_width": -2.1550000000133878,
        "envelope_points": 29,
        "convergence_validated": true
      },
      "width_reduction_analysis": {
        "absolute_width_reduction": 4206076988000.0,
        "relative_width_reduction_pct": 7.353473039464233,
        "comprehensive_median_width": 57198509676000.0,
        "commercial_median_width": 52992432688000.0
      }
    },
    "base_statistics": {
      "total_cells": 535792,
      "total_production": 4152254302080000.0,
      "total_harvest": 2000280.187,
      "mean_yield": 1626846433.2938015,
      "median_yield": 1301952675.1241035
    }
  },
  "rice": {
    "crop_type": "rice",
    "yield_distribution": {
      "percentiles": {
        "p5": 153171310.84830442,
        "p10": 259238424.66768792,
        "p20": 369209302.3255814,
        "p25": 441467569.4522823,
        "p50": 954782608.6956522,
        "p75": 1690644617.1516385,
        "p80": 1936677377.8920307,
        "p90": 2557554883.3427916,
        "p95": 3091815055.447719,
        "p99": 4071868785.93021
      },
      "low_yield_fraction": 0.20000310226620546,
      "high_yield_fraction": 0.20000310226620546,
      "coefficient_of_variation": 0.7957218231912011,
      "yield_range_ratio": 20.185340442178145,
      "interquartile_range": 1249177047.699356,
      "median_to_mean_ratio": 0.7949379603616452
    },
    "tier_effects": {
      "comprehensive": {
        "cell_retention_rate": 1.0,
        "production_retention_rate": 1.0,
        "harvest_retention_rate": 1.0,
        "yield_cv_reduction": 0.0,
        "mean_yield_increase": 1.0,
        "yield_range_reduction": 0.0
      },
      "commercial": {
        "cell_retention_rate": 0.8000007755665514,
        "production_retention_rate": 0.9911029982861556,
        "harvest_retention_rate": 0.9407546232901638,
        "yield_cv_reduction": 0.1971724285459291,
        "mean_yield_increase": 1.200724856596356,
        "yield_range_reduction": 0.045222844873958556
      }
    },
    "envelope_characteristics": {
      "comprehensive": {
        "mean_production_width": 243007958718620.7,
        "median_production_width": 37747784520000.0,
        "mean_relative_production_width": 1.6826962184986034,
        "median_relative_production_width": 1.9726091638103471,
        "mean_harvest_width": 3.743344822527884,
        "median_harvest_width": 0.0,
        "envelope_points": 29,
        "convergence_validated": true
      },
      "commercial": {
        "mean_production_width": 218851964615172.4,
        "median_production_width": 34820685000000.0,
        "mean_relative_production_width": 1.5083646294930089,
        "median_relative_production_width": 1.727479772020985,
        "mean_harvest_width": 7.184034478477031,
        "median_harvest_width": 3.3710000000004356,
        "envelope_points": 29,
        "convergence_validated": true
      },
      "width_reduction_analysis": {
        "absolute_width_reduction": 2927099520000.0,
        "relative_width_reduction_pct": 7.754361102832745,